CREATE TABLE IF NOT EXISTS `takeout_food` (
  `fID` varchar(50) NOT NULL COMMENT '主键',
  `fName` varchar(50) default NULL COMMENT '套餐',
  `fPrice` decimal(10,2) default NULL COMMENT '单价',
  `fDescription` varchar(100) default NULL,
  `fImage` varchar(100) default NULL,
  `fStatus` INT(11) default NULL COMMENT '状态',
  PRIMARY KEY  (`fID`)
) ENGINE=InnoDB DEFAULT CHARSET=utf8;

INSERT INTO `takeout_food` (`fID`, `fName`, `fPrice`, `fDescription`, `fImage`,`fStatus`) VALUES
	('001', '老北京炸酱面', 20.00, '苏格兰打卤面，大杯可乐', '[{"storeFileName":"C6F709CE3F7000012AB490B41F107230","realFileName":"1.jpg"}]',0),
	('002', '宫爆鸡丁', 25.00, '宫爆鸡丁一份，两碗米饭，蛋花汤', '[{"storeFileName":"C6F709D0DE800001249B93D01387174F","realFileName":"2.jpg"}]',0),
	('003', '剁椒鱼头套餐', 36.00, '剁椒鱼头，白菜豆腐汤，四碗面条，可口凉菜', '[{"storeFileName":"C6F709D364D00001C5C5788A1DF01E99","realFileName":"3.jpg"}]',0),
	('004', '老北京烤鸭套餐', 45.00, '北京烤鸭，四碗米饭，大杯可乐四桶，鸡蛋汤', '[{"storeFileName":"C6F709D54A9000017472151118A01670","realFileName":"4.jpg"}]',0),
	('005', '土豆炖牛肉套餐', 35.00, '土豆炖牛肉一份，米饭四碗，可口可乐，凉菜', '[{"storeFileName":"C6F709D6CDD00001CA4310A0D92EB600","realFileName":"5.jpg"}]',0),
	('006', '鱼香肉丝盖饭', 15.00, '现炒鱼香肉丝', '[{"storeFileName":"C6F709D846500001EF341E2016A05F60","realFileName":"6.jpg"}]',0),
	('007', '尖椒肉丝盖饭', 15.00, '绿色尖椒', '[{"storeFileName":"C6F709D99D100001D81811A013601490","realFileName":"7.jpg"}]',0),
	('008', '家常肉饼', 10.00, '肉饼三个', '[{"storeFileName":"C6F709DB04700001D255163D4E901B7A","realFileName":"8.jpg"}]',0),
	('009', '过油肉套餐', 25.00, '过油肉一份，两碗米饭', '[{"storeFileName":"C6F709DC701000017CF92A7011099EB0","realFileName":"9.jpg"}]',0),
	('010', '铁板牛柳套餐', 30.00, '铁板牛柳一份，两碗米饭', '[{"storeFileName":"C6F709DE40C00001C11E133A1D003270","realFileName":"10.jpg"}]',0),
	('011', '苦瓜炒蛋套餐', 20.00, '苦瓜炒蛋一份，两碗米饭', '[{"storeFileName":"C6F709E12D20000122921CB13DC52810","realFileName":"11.jpg"}]',0),
	('012', '兰州牛肉拉面', 18.00, '兰州牛肉拉面大碗', '[{"storeFileName":"C6F709E527800001CEA711A419F21406","realFileName":"12.jpg"}]',0),
	('013', '沙县木桶饭', 18.00, '沙县红烧肉木桶饭', '[{"storeFileName":"C6F709E7CC10000162121EC7182C7840","realFileName":"13.jpg"}]',0),
	('014', '三明治咖啡套餐', 30.00, '三明治两个，咖啡一杯', '[{"storeFileName":"C6F709EA2E000001247991722530ECD0","realFileName":"14.jpg"}]',0),
	('015', '意式香肠披萨', 56.00, '7寸意式香肠披萨一个', '[{"storeFileName":"C6F709EC6C500001EB5916E0D7B017F1","realFileName":"15.jpg"}]',0);


CREATE TABLE IF NOT EXISTS `takeout_order` (
  `fID` varchar(50) NOT NULL,
  `fCreateTime` datetime default NULL COMMENT '下单时间',
  `fContent` varchar(200) default NULL COMMENT '订单内容',
  `fSum` decimal(10,2) default NULL COMMENT '合计金额',
  `fUserID` varchar(50) default NULL COMMENT '下单人',
  `fUserName` varchar(50) default NULL,
  `fPhoneNumber` varchar(20) default NULL,
  `fAddress` varchar(200) default NULL COMMENT '订单地址',
  `fPayState` INT(10) default '0' COMMENT '付款状态',
  `fDispatchingState` INT(11) default NULL COMMENT '配送状态',
  PRIMARY KEY  (`fID`),
  KEY `order_user_idx` (`fUserID`)
) ENGINE=InnoDB DEFAULT CHARSET=utf8;

INSERT INTO `takeout_order` (`fID`, `fCreateTime`, `fContent`, `fSum`, `fUserID`, `fUserName`, `fPhoneNumber`, `fAddress`,`fDispatchingState`) VALUES
	('C684C9F61EC00001DCAA8B661AA01508', '2015-03-04 16:40:45', '宫爆鸡丁(1) 老北京炸酱面(1) ', 45.00, 'ms.zhang', '张女士', '010-59798677', '北京十里河地铁站A/B口，东150米，高和蓝峰大厦1802',1),
	('C684C9F85E400001C4211EB544F61283', '2015-03-04 16:40:55', '老北京烤鸭套餐(1) 剁椒鱼头套餐(2) ', 117.00, 'ms.zhang', '张女士', '010-59798677', '北京十里河地铁站A/B口，东150米，高和蓝峰大厦1802',1),
	('C684C9FC08400001353CBDD011D0BA60', '2015-03-04 16:41:10', '鱼香肉丝盖饭(1) 尖椒肉丝盖饭(2) ', 45.00, 'ms.zhang', '张女士', '010-59798677', '北京十里河地铁站A/B口，东150米，高和蓝峰大厦1802',1),
	('C684CA2C30400001DB66D89079AC1203', '2015-03-04 16:44:27', '鱼香肉丝盖饭(1) 土豆炖牛肉套餐(1) 老北京烤鸭套餐(1) ', 95.00, 'user', '马先生', '400-017-8677', '北京朝阳区东三环南路98号高和蓝峰大厦18层1802室',1),
	('C684CA2DCD400001665940D048801D35', '2015-03-04 16:44:33', '老北京烤鸭套餐(1) 土豆炖牛肉套餐(1) ', 80.00, 'user', '马先生', '400-017-8677', '北京朝阳区东三环南路98号高和蓝峰大厦18层1802室',1),
	('C684CA2EB53000014B1165101D801787', '2015-03-04 16:44:37', '土豆炖牛肉套餐(1) 老北京烤鸭套餐(1) ', 80.00, 'user', '马先生', '400-017-8677', '北京朝阳区东三环南路98号高和蓝峰大厦18层1802室',1),
	('C684CA2F9EC00001681812EC23204EA0', '2015-03-04 16:44:41', '家常肉饼(1) 剁椒鱼头套餐(1) ', 46.00, 'user', '马先生', '400-017-8677', '北京朝阳区东三环南路98号高和蓝峰大厦18层1802室',1),
	('C684CA3104B00001F4B0186016101DC4', '2015-03-04 16:44:47', '老北京炸酱面(1) 老北京烤鸭套餐(1) 土豆炖牛肉套餐(1) ', 100.00, 'user', '马先生', '400-017-8677', '北京朝阳区东三环南路98号高和蓝峰大厦18层1802室',1),
	('C684CA32137000017BD075EF91B09380', '2015-03-04 16:44:51', '土豆炖牛肉套餐(1) 老北京烤鸭套餐(1) 剁椒鱼头套餐(1) ', 116.00, 'user', '马先生', '400-017-8677', '北京朝阳区东三环南路98号高和蓝峰大厦18层1802室',1),
	('C684CA333FB000018D8F13C018F01524', '2015-03-04 16:44:56', '剁椒鱼头套餐(1) 宫爆鸡丁(1) 老北京炸酱面(1) ', 81.00, 'user', '马先生', '400-017-8677', '北京朝阳区东三环南路98号高和蓝峰大厦18层1802室',1),
	('C684CA3466B000016BFE9210196812BA', '2015-03-04 16:45:00', '土豆炖牛肉套餐(1) 老北京烤鸭套餐(1) ', 80.00, 'user', '马先生', '400-017-8677', '北京朝阳区东三环南路98号高和蓝峰大厦18层1802室',1),
	('C684CA35CF30000128F9A6D0C07D11D4', '2015-03-04 16:45:06', '鱼香肉丝盖饭(1) 老北京烤鸭套餐(1) ', 60.00, 'user', '马先生', '400-017-8677', '北京朝阳区东三环南路98号高和蓝峰大厦18层1802室',1),
	('C684CA371CC00001E357CDC643D4EAB0', '2015-03-04 16:45:12', '尖椒肉丝盖饭(1) 老北京炸酱面(1) ', 35.00, 'user', '马先生', '400-017-8677', '北京朝阳区东三环南路98号高和蓝峰大厦18层1802室',1),
	('C684CA3871700001BA376A1019A4157D', '2015-03-04 16:45:17', '老北京炸酱面(1) 宫爆鸡丁(1) 剁椒鱼头套餐(1) ', 81.00, 'user', '马先生', '400-017-8677', '北京朝阳区东三环南路98号高和蓝峰大厦18层1802室',1),
	('C684CA396CC0000110CE6A20E5001F80', '2015-03-04 16:45:21', '鱼香肉丝盖饭(1) 尖椒肉丝盖饭(1) ', 30.00, 'user', '马先生', '400-017-8677', '北京朝阳区东三环南路98号高和蓝峰大厦18层1802室',1),
	('C684CA3AD1300001EDB4B7E558375F70', '2015-03-04 16:45:27', '鱼香肉丝盖饭(1) 尖椒肉丝盖饭(1) 家常肉饼(1) ', 40.00, 'user', '马先生', '400-017-8677', '北京朝阳区东三环南路98号高和蓝峰大厦18层1802室',1),
	('C684CA3BD5300001533A1CE516727ED0', '2015-03-04 16:45:31', '剁椒鱼头套餐(1) 宫爆鸡丁(1) ', 61.00, 'user', '马先生', '400-017-8677', '北京朝阳区东三环南路98号高和蓝峰大厦18层1802室',1),
	('C684CA3D0450000171A81AF811D03740', '2015-03-04 16:45:36', '剁椒鱼头套餐(1) 老北京烤鸭套餐(1) ', 81.00, 'user', '马先生', '400-017-8677', '北京朝阳区东三环南路98号高和蓝峰大厦18层1802室',1),
	('C684CA3E02D000015D7712B31C5AD360', '2015-03-04 16:45:40', '老北京烤鸭套餐(1) 土豆炖牛肉套餐(1) ', 80.00, 'user', '马先生', '400-017-8677', '北京朝阳区东三环南路98号高和蓝峰大厦18层1802室',1),
	('C684CA3EF930000156201E203200CD80', '2015-03-04 16:45:44', '剁椒鱼头套餐(1) 宫爆鸡丁(1) ', 61.00, 'user', '马先生', '400-017-8677', '北京朝阳区东三环南路98号高和蓝峰大厦18层1802室',1),
	('C684CA403A4000017A8FBAB093D01B65', '2015-03-04 16:45:49', '土豆炖牛肉套餐(1) 老北京烤鸭套餐(1) ', 80.00, 'user', '马先生', '400-017-8677', '北京朝阳区东三环南路98号高和蓝峰大厦18层1802室',1);



	
CREATE TABLE IF NOT EXISTS `takeout_user` (
  `fID` varchar(50) NOT NULL COMMENT '机器码',
  `fName` varchar(50) default NULL COMMENT '姓名',
  `fPhoneNumber` varchar(20) default NULL COMMENT '电话',
  `fAddress` varchar(200) default NULL COMMENT '地址',
  PRIMARY KEY  (`fID`)
) ENGINE=InnoDB DEFAULT CHARSET=utf8;

INSERT INTO `takeout_user` (`fID`, `fName`, `fPhoneNumber`, `fAddress`) VALUES
	('ms.zhang', '张女士', '010-59798677', '北京十里河地铁站A/B口，东150米，高和蓝峰大厦1802'),
	('user', '马先生', '400-017-8677', '北京朝阳区东三环南路98号高和蓝峰大厦18层1802室');

	